idx,직무(업무명),업무세부내역,Analysis_name,Platfom,Pipeline Name,Pipeline Version,Group,Step,tools,version,CPUs,MEM(G),TIME(hr),nTask(병렬),SIZE(MB),USER,비고,instance_type,instance_vcpu,instance_hourly_rate,compute_cost_usd,storage_cost_usd,total_cost_usd
1,Large Genome Analysis,De novo Assembly,assembly (genome under 1GB),PacBio Revio,inhouse,2.0.0,ASSEMBLY,HIFIASM_ASSEMBLE,hifiasm,0.25.0,64.0,48.0,4.0,1.0,3000.0,백성용,,c6i.16xlarge,64,2.72,10.88,0.0013020833333333335,10.881302083333335
2,Large Genome Analysis,De novo Assembly,assembly (genome under 1GB),PacBio Revio,inhouse,2.0.0,ASSEMBLY,GFA_TO_FASTA,gfatools,0.5.5,1.0,8.0,0.2,1.0,1000.0,백성용,,c6i.xlarge,4,0.17,0.034,2.170138888888889e-05,0.034021701388888895
3,Large Genome Analysis,De novo Assembly,assembly (genome under 1GB),PacBio Revio,inhouse,2.0.0,PURGE_DUPS,RAWDATA_MAPPING,minimap2,2.28,64.0,32.0,1.0,1.0,2000.0,백성용,,c6i.16xlarge,64,2.72,2.72,0.0002170138888888889,2.720217013888889
4,Large Genome Analysis,De novo Assembly,assembly (genome under 1GB),PacBio Revio,inhouse,2.0.0,PURGE_DUPS,MAKE_STATS,pbcstat / calcuts,1.2.6,4.0,8.0,0.2,1.0,1.0,백성용,,c6i.xlarge,4,0.17,0.034,2.170138888888889e-08,0.03400002170138889
5,Large Genome Analysis,De novo Assembly,assembly (genome under 1GB),PacBio Revio,inhouse,2.0.0,PURGE_DUPS,PURGE_DUPS_STEP1,purge_dups,1.2.6,64.0,48.0,0.3,1.0,2000.0,백성용,,c6i.16xlarge,64,2.72,0.8160000000000001,6.510416666666667e-05,0.8160651041666668
6,Large Genome Analysis,De novo Assembly,assembly (genome under 1GB),PacBio Revio,inhouse,2.0.0,PURGE_DUPS,PURGE_DUPS_STEP2,purge_dups,1.2.6,4.0,8.0,0.2,1.0,1000.0,백성용,,c6i.xlarge,4,0.17,0.034,2.170138888888889e-05,0.034021701388888895
7,Large Genome Analysis,De novo Assembly,assembly (genome under 1GB),PacBio Revio,inhouse,2.0.0,PURGE_DUPS,PURGE_DUPS_STEP3 (get_seqs),get_seqs,1.2.6,4.0,4.0,0.1,1.0,1000.0,백성용,,c6i.xlarge,4,0.17,0.017,1.0850694444444445e-05,0.017010850694444447
8,Large Genome Analysis,De novo Assembly,assembly (genome under 1GB),PacBio Revio,inhouse,2.0.0,FCS_GX,FCS_GX_SCREEN,fcs-gx,0.5.5,32.0,510.0,3.0,1.0,5.0,백성용,,r6i.16xlarge,64,4.032,12.096,1.6276041666666668e-06,12.096001627604167
9,Large Genome Analysis,De novo Assembly,assembly (genome under 1GB),PacBio Revio,inhouse,2.0.0,FCS_GX,FCS_GX_CLEAN,fcs-gx,0.5.5,4.0,16.0,0.2,1.0,1000.0,백성용,,c6i.2xlarge,8,0.34,0.068,2.170138888888889e-05,0.0680217013888889
10,Large Genome Analysis,De novo Assembly,assembly (genome under 1GB),PacBio Revio,inhouse,2.0.0,FCS_GX,FCS_GX_REMAP_READS,minimap2,2.28,64.0,32.0,1.0,1.0,2000.0,백성용,,c6i.16xlarge,64,2.72,2.72,0.0002170138888888889,2.720217013888889
11,Large Genome Analysis,De novo Assembly,assembly (genome under 1GB),PacBio Revio,inhouse,2.0.0,FCS_GX,FCS_GX_MAKE_STATS,pbcstat / calcuts,1.2.6,4.0,8.0,0.2,1.0,1.0,백성용,,c6i.xlarge,4,0.17,0.034,2.170138888888889e-08,0.03400002170138889
12,Large Genome Analysis,De novo Assembly,assembly (genome under 1GB),PacBio Revio,inhouse,2.0.0,FCS_GX,FCS_GX_PURGE_STEP1,purge_dups,1.2.6,64.0,48.0,0.3,1.0,2000.0,백성용,,c6i.16xlarge,64,2.72,0.8160000000000001,6.510416666666667e-05,0.8160651041666668
13,Large Genome Analysis,De novo Assembly,assembly (genome under 1GB),PacBio Revio,inhouse,2.0.0,FCS_GX,FCS_GX_PURGE_STEP2,purge_dups,1.2.6,4.0,8.0,0.2,1.0,1000.0,백성용,,c6i.xlarge,4,0.17,0.034,2.170138888888889e-05,0.034021701388888895
14,Large Genome Analysis,De novo Assembly,assembly (genome under 1GB),PacBio Revio,inhouse,2.0.0,FCS_GX,FCS_GX_PURGE_STEP3 (get_seqs),get_seqs,1.2.6,4.0,4.0,0.1,1.0,1000.0,백성용,,c6i.xlarge,4,0.17,0.017,1.0850694444444445e-05,0.017010850694444447
15,Large Genome Analysis,De novo Assembly,assembly (genome under 1GB),PacBio Revio,inhouse,2.0.0,PAQMAN,PAQMAN_EVAL (7-metric A/B),paqman,inhouse,16.0,48.0,2.0,1.0,1000.0,백성용,,c6i.8xlarge,32,1.36,2.72,0.0002170138888888889,2.720217013888889
16,Large Genome Analysis,De novo Assembly,assembly (genome under 1GB),PacBio Revio,inhouse,2.0.0,PAQMAN,PAQMAN_COMPARE (select best),python,-,1.0,1.0,0.1,1.0,1000.0,백성용,,c6i.large,2,0.085,0.0085,1.0850694444444445e-05,0.008510850694444445
17,Large Genome Analysis,De novo Assembly,assembly (genome under 1GB),PacBio Revio,inhouse,2.0.0,GENOME_ASSESSMENT,BUSCO,busco,6.0.0,32.0,40.0,1.0,1.0,700.0,백성용,,c6i.8xlarge,32,1.36,1.36,7.595486111111111e-05,1.3600759548611112
18,Large Genome Analysis,De novo Assembly,assembly (genome 1-3GB),PacBio Revio,inhouse,2.0.0,ASSEMBLY,HIFIASM_ASSEMBLE,hifiasm,0.25.0,64.0,128.0,24.0,1.0,9000.0,백성용,,c6i.16xlarge,64,2.72,65.28,0.0234375,65.3034375
19,Large Genome Analysis,De novo Assembly,assembly (genome 1-3GB),PacBio Revio,inhouse,2.0.0,ASSEMBLY,GFA_TO_FASTA,gfatools,0.5.5,1.0,8.0,0.3,1.0,3000.0,백성용,,c6i.xlarge,4,0.17,0.051000000000000004,9.765625e-05,0.051097656250000005
20,Large Genome Analysis,De novo Assembly,assembly (genome 1-3GB),PacBio Revio,inhouse,2.0.0,PURGE_DUPS,RAWDATA_MAPPING,minimap2,2.28,64.0,32.0,3.0,1.0,5000.0,백성용,,c6i.16xlarge,64,2.72,8.16,0.0016276041666666667,8.161627604166666
21,Large Genome Analysis,De novo Assembly,assembly (genome 1-3GB),PacBio Revio,inhouse,2.0.0,PURGE_DUPS,MAKE_STATS,pbcstat / calcuts,1.2.6,4.0,8.0,0.2,1.0,1.0,백성용,,c6i.xlarge,4,0.17,0.034,2.170138888888889e-08,0.03400002170138889
22,Large Genome Analysis,De novo Assembly,assembly (genome 1-3GB),PacBio Revio,inhouse,2.0.0,PURGE_DUPS,PURGE_DUPS_STEP1,purge_dups,1.2.6,64.0,64.0,0.5,1.0,5000.0,백성용,,c6i.16xlarge,64,2.72,1.36,0.0002712673611111111,1.3602712673611113
23,Large Genome Analysis,De novo Assembly,assembly (genome 1-3GB),PacBio Revio,inhouse,2.0.0,PURGE_DUPS,PURGE_DUPS_STEP2,purge_dups,1.2.6,4.0,16.0,0.3,1.0,2500.0,백성용,,c6i.2xlarge,8,0.34,0.10200000000000001,8.138020833333334e-05,0.10208138020833334
24,Large Genome Analysis,De novo Assembly,assembly (genome 1-3GB),PacBio Revio,inhouse,2.0.0,PURGE_DUPS,PURGE_DUPS_STEP3 (get_seqs),get_seqs,1.2.6,4.0,8.0,0.2,1.0,2500.0,백성용,,c6i.xlarge,4,0.17,0.034,5.4253472222222226e-05,0.034054253472222226
25,Large Genome Analysis,De novo Assembly,assembly (genome 1-3GB),PacBio Revio,inhouse,2.0.0,FCS_GX,FCS_GX_SCREEN,fcs-gx,0.5.5,32.0,510.0,3.0,1.0,5.0,백성용,,r6i.16xlarge,64,4.032,12.096,1.6276041666666668e-06,12.096001627604167
26,Large Genome Analysis,De novo Assembly,assembly (genome 1-3GB),PacBio Revio,inhouse,2.0.0,FCS_GX,FCS_GX_CLEAN,fcs-gx,0.5.5,4.0,16.0,0.5,1.0,3000.0,백성용,,c6i.2xlarge,8,0.34,0.17,0.00016276041666666668,0.17016276041666667
27,Large Genome Analysis,De novo Assembly,assembly (genome 1-3GB),PacBio Revio,inhouse,2.0.0,FCS_GX,FCS_GX_REMAP_READS,minimap2,2.28,64.0,32.0,3.0,1.0,5000.0,백성용,,c6i.16xlarge,64,2.72,8.16,0.0016276041666666667,8.161627604166666
28,Large Genome Analysis,De novo Assembly,assembly (genome 1-3GB),PacBio Revio,inhouse,2.0.0,FCS_GX,FCS_GX_MAKE_STATS,pbcstat / calcuts,1.2.6,4.0,8.0,0.2,1.0,1.0,백성용,,c6i.xlarge,4,0.17,0.034,2.170138888888889e-08,0.03400002170138889
29,Large Genome Analysis,De novo Assembly,assembly (genome 1-3GB),PacBio Revio,inhouse,2.0.0,FCS_GX,FCS_GX_PURGE_STEP1,purge_dups,1.2.6,64.0,64.0,0.5,1.0,5000.0,백성용,,c6i.16xlarge,64,2.72,1.36,0.0002712673611111111,1.3602712673611113
30,Large Genome Analysis,De novo Assembly,assembly (genome 1-3GB),PacBio Revio,inhouse,2.0.0,FCS_GX,FCS_GX_PURGE_STEP2,purge_dups,1.2.6,4.0,16.0,0.3,1.0,2500.0,백성용,,c6i.2xlarge,8,0.34,0.10200000000000001,8.138020833333334e-05,0.10208138020833334
31,Large Genome Analysis,De novo Assembly,assembly (genome 1-3GB),PacBio Revio,inhouse,2.0.0,FCS_GX,FCS_GX_PURGE_STEP3 (get_seqs),get_seqs,1.2.6,4.0,8.0,0.2,1.0,2500.0,백성용,,c6i.xlarge,4,0.17,0.034,5.4253472222222226e-05,0.034054253472222226
32,Large Genome Analysis,De novo Assembly,assembly (genome 1-3GB),PacBio Revio,inhouse,2.0.0,PAQMAN,PAQMAN_EVAL (7-metric A/B),paqman,inhouse,16.0,64.0,6.0,1.0,3000.0,백성용,,c6i.8xlarge,32,1.36,8.16,0.001953125,8.161953125
33,Large Genome Analysis,De novo Assembly,assembly (genome 1-3GB),PacBio Revio,inhouse,2.0.0,PAQMAN,PAQMAN_COMPARE (select best),python,-,1.0,1.0,0.1,1.0,2500.0,백성용,,c6i.large,2,0.085,0.0085,2.7126736111111113e-05,0.008527126736111112
34,Large Genome Analysis,De novo Assembly,assembly (genome 1-3GB),PacBio Revio,inhouse,2.0.0,GENOME_ASSESSMENT,BUSCO,busco,6.0.0,32.0,40.0,1.0,1.0,1000.0,백성용,,c6i.8xlarge,32,1.36,1.36,0.00010850694444444445,1.3601085069444445
35,Large Genome Analysis,De novo Assembly,assembly (genome 3-5GB),PacBio Revio,inhouse,2.0.0,ASSEMBLY,HIFIASM_ASSEMBLE,hifiasm,0.25.0,64.0,410.0,64.0,1.0,15000.0,백성용,,r6i.16xlarge,64,4.032,258.048,0.10416666666666667,258.1521666666667
36,Large Genome Analysis,De novo Assembly,assembly (genome 3-5GB),PacBio Revio,inhouse,2.0.0,ASSEMBLY,GFA_TO_FASTA,gfatools,0.5.5,1.0,8.0,0.5,1.0,5000.0,백성용,,c6i.xlarge,4,0.17,0.085,0.0002712673611111111,0.08527126736111111
37,Large Genome Analysis,De novo Assembly,assembly (genome 3-5GB),PacBio Revio,inhouse,2.0.0,PURGE_DUPS,RAWDATA_MAPPING,minimap2,2.28,64.0,48.0,6.0,1.0,9000.0,백성용,,c6i.16xlarge,64,2.72,16.32,0.005859375,16.325859375
38,Large Genome Analysis,De novo Assembly,assembly (genome 3-5GB),PacBio Revio,inhouse,2.0.0,PURGE_DUPS,MAKE_STATS,pbcstat / calcuts,1.2.6,4.0,8.0,0.3,1.0,1.0,백성용,,c6i.xlarge,4,0.17,0.051000000000000004,3.2552083333333335e-08,0.05100003255208334
39,Large Genome Analysis,De novo Assembly,assembly (genome 3-5GB),PacBio Revio,inhouse,2.0.0,PURGE_DUPS,PURGE_DUPS_STEP1,purge_dups,1.2.6,64.0,96.0,1.0,1.0,9000.0,백성용,,c6i.16xlarge,64,2.72,2.72,0.0009765625,2.7209765625
40,Large Genome Analysis,De novo Assembly,assembly (genome 3-5GB),PacBio Revio,inhouse,2.0.0,PURGE_DUPS,PURGE_DUPS_STEP2,purge_dups,1.2.6,4.0,24.0,0.5,1.0,4500.0,백성용,,c6i.4xlarge,16,0.68,0.34,0.000244140625,0.340244140625
41,Large Genome Analysis,De novo Assembly,assembly (genome 3-5GB),PacBio Revio,inhouse,2.0.0,PURGE_DUPS,PURGE_DUPS_STEP3 (get_seqs),get_seqs,1.2.6,4.0,8.0,0.3,1.0,4500.0,백성용,,c6i.xlarge,4,0.17,0.051000000000000004,0.000146484375,0.051146484375
42,Large Genome Analysis,De novo Assembly,assembly (genome 3-5GB),PacBio Revio,inhouse,2.0.0,FCS_GX,FCS_GX_SCREEN,fcs-gx,0.5.5,32.0,510.0,3.0,1.0,5.0,백성용,,r6i.16xlarge,64,4.032,12.096,1.6276041666666668e-06,12.096001627604167
43,Large Genome Analysis,De novo Assembly,assembly (genome 3-5GB),PacBio Revio,inhouse,2.0.0,FCS_GX,FCS_GX_CLEAN,fcs-gx,0.5.5,4.0,16.0,0.8,1.0,5000.0,백성용,,c6i.2xlarge,8,0.34,0.272,0.0004340277777777778,0.2724340277777778
44,Large Genome Analysis,De novo Assembly,assembly (genome 3-5GB),PacBio Revio,inhouse,2.0.0,FCS_GX,FCS_GX_REMAP_READS,minimap2,2.28,64.0,48.0,6.0,1.0,9000.0,백성용,,c6i.16xlarge,64,2.72,16.32,0.005859375,16.325859375
45,Large Genome Analysis,De novo Assembly,assembly (genome 3-5GB),PacBio Revio,inhouse,2.0.0,FCS_GX,FCS_GX_MAKE_STATS,pbcstat / calcuts,1.2.6,4.0,8.0,0.3,1.0,1.0,백성용,,c6i.xlarge,4,0.17,0.051000000000000004,3.2552083333333335e-08,0.05100003255208334
46,Large Genome Analysis,De novo Assembly,assembly (genome 3-5GB),PacBio Revio,inhouse,2.0.0,FCS_GX,FCS_GX_PURGE_STEP1,purge_dups,1.2.6,64.0,96.0,1.0,1.0,9000.0,백성용,,c6i.16xlarge,64,2.72,2.72,0.0009765625,2.7209765625
47,Large Genome Analysis,De novo Assembly,assembly (genome 3-5GB),PacBio Revio,inhouse,2.0.0,FCS_GX,FCS_GX_PURGE_STEP2,purge_dups,1.2.6,4.0,24.0,0.5,1.0,4500.0,백성용,,c6i.4xlarge,16,0.68,0.34,0.000244140625,0.340244140625
48,Large Genome Analysis,De novo Assembly,assembly (genome 3-5GB),PacBio Revio,inhouse,2.0.0,FCS_GX,FCS_GX_PURGE_STEP3 (get_seqs),get_seqs,1.2.6,4.0,8.0,0.3,1.0,4500.0,백성용,,c6i.xlarge,4,0.17,0.051000000000000004,0.000146484375,0.051146484375
49,Large Genome Analysis,De novo Assembly,assembly (genome 3-5GB),PacBio Revio,inhouse,2.0.0,PAQMAN,PAQMAN_EVAL (7-metric A/B),paqman,inhouse,16.0,80.0,10.0,1.0,5000.0,백성용,,c6i.12xlarge,48,2.04,20.4,0.005425347222222223,20.40542534722222
50,Large Genome Analysis,De novo Assembly,assembly (genome 3-5GB),PacBio Revio,inhouse,2.0.0,PAQMAN,PAQMAN_COMPARE (select best),python,-,1.0,1.0,0.2,1.0,4500.0,백성용,,c6i.large,2,0.085,0.017,9.765625e-05,0.017097656250000003
51,Large Genome Analysis,De novo Assembly,assembly (genome 3-5GB),PacBio Revio,inhouse,2.0.0,GENOME_ASSESSMENT,BUSCO,busco,6.0.0,32.0,48.0,1.5,1.0,1600.0,백성용,,c6i.8xlarge,32,1.36,2.04,0.00026041666666666666,2.040260416666667
52,Large Genome Analysis,De novo Assembly,assembly (algae species),PacBio Revio,inhouse,2.0.0,ASSEMBLY,HIFIASM_ASSEMBLE,hifiasm,0.25.0,64.0,128.0,24.0,1.0,9000.0,백성용,,c6i.16xlarge,64,2.72,65.28,0.0234375,65.3034375
53,Large Genome Analysis,De novo Assembly,assembly (algae species),PacBio Revio,inhouse,2.0.0,ASSEMBLY,GFA_TO_FASTA,gfatools,0.5.5,1.0,8.0,0.3,1.0,3000.0,백성용,,c6i.xlarge,4,0.17,0.051000000000000004,9.765625e-05,0.051097656250000005
54,Large Genome Analysis,De novo Assembly,assembly (algae species),PacBio Revio,inhouse,2.0.0,DECONTAM,TIARA_CLASSIFY,tiara,1.0.3,16.0,16.0,0.5,1.0,1500.0,백성용,,c6i.4xlarge,16,0.68,0.34,8.138020833333334e-05,0.34008138020833334
55,Large Genome Analysis,De novo Assembly,assembly (algae species),PacBio Revio,inhouse,2.0.0,DECONTAM,EXTRACT_PLANT,seqkit / python,2.5,1.0,8.0,0.2,1.0,2000.0,백성용,,c6i.xlarge,4,0.17,0.034,4.340277777777778e-05,0.03404340277777778
56,Large Genome Analysis,De novo Assembly,assembly (algae species),PacBio Revio,inhouse,2.0.0,PURGE_DUPS,REMAP_READS,minimap2,2.28,64.0,32.0,3.0,1.0,5000.0,백성용,,c6i.16xlarge,64,2.72,8.16,0.0016276041666666667,8.161627604166666
57,Large Genome Analysis,De novo Assembly,assembly (algae species),PacBio Revio,inhouse,2.0.0,PURGE_DUPS,MAKE_STATS,pbcstat / calcuts,1.2.6,4.0,8.0,0.2,1.0,1.0,백성용,,c6i.xlarge,4,0.17,0.034,2.170138888888889e-08,0.03400002170138889
58,Large Genome Analysis,De novo Assembly,assembly (algae species),PacBio Revio,inhouse,2.0.0,PURGE_DUPS,PURGE_STEP1,purge_dups,1.2.6,64.0,80.0,0.5,1.0,5000.0,백성용,,c6i.16xlarge,64,2.72,1.36,0.0002712673611111111,1.3602712673611113
59,Large Genome Analysis,De novo Assembly,assembly (algae species),PacBio Revio,inhouse,2.0.0,PURGE_DUPS,PURGE_STEP2,purge_dups,1.2.6,4.0,16.0,0.3,1.0,2500.0,백성용,,c6i.2xlarge,8,0.34,0.10200000000000001,8.138020833333334e-05,0.10208138020833334
60,Large Genome Analysis,De novo Assembly,assembly (algae species),PacBio Revio,inhouse,2.0.0,PURGE_DUPS,PURGE_STEP3 (get_seqs),get_seqs,1.2.6,4.0,8.0,0.2,1.0,2500.0,백성용,,c6i.xlarge,4,0.17,0.034,5.4253472222222226e-05,0.034054253472222226
61,Large Genome Analysis,De novo Assembly,assembly (algae species),PacBio Revio,inhouse,2.0.0,GENOME_ASSESSMENT,BUSCO_OPTION_A,busco,6.0.0,32.0,48.0,1.0,1.0,1000.0,백성용,,c6i.8xlarge,32,1.36,1.36,0.00010850694444444445,1.3601085069444445
62,Large Genome Analysis,De novo Assembly,assembly (algae species),PacBio Revio,inhouse,2.0.0,GENOME_ASSESSMENT,BUSCO_OPTION_B,busco,6.0.0,32.0,48.0,1.0,1.0,1000.0,백성용,,c6i.8xlarge,32,1.36,1.36,0.00010850694444444445,1.3601085069444445
63,Large Genome Analysis,De novo Assembly,assembly (algae species),PacBio Revio,inhouse,2.0.0,SELECT_BEST,SELECT_BEST (A vs B),python,-,1.0,1.0,0.1,1.0,2500.0,백성용,,c6i.large,2,0.085,0.0085,2.7126736111111113e-05,0.008527126736111112
64,Large Genome Analysis,De novo Assembly,assembly (algae species),PacBio Revio,inhouse,2.0.0,REPORTING,ASSEMBLY_STATS,assembly-stats,1.0.1,1.0,4.0,0.1,1.0,1.0,백성용,,c6i.large,2,0.085,0.0085,1.0850694444444445e-08,0.008500010850694444
65,Large Genome Analysis,Gene Annotation,annotation,PacBio Revio,inhouse,2.0.0,STRUCTURAL_ANNOTATION,BRAKER4_RUN (기본 track),braker4,0.4.0,2.0,4.0,96.0,1.0,500.0,백성용,,c6i.large,2,0.085,8.16,0.005208333333333334,8.165208333333334
66,Large Genome Analysis,Gene Annotation,annotation,PacBio Revio,inhouse,2.0.0,STRUCTURAL_ANNOTATION,EGAPx (대안 track),egapx / nextflow,0.4.1,16.0,64.0,48.0,1.0,500.0,백성용,,c6i.8xlarge,32,1.36,65.28,0.002604166666666667,65.28260416666667
67,Large Genome Analysis,Gene Annotation,annotation,PacBio Revio,inhouse,2.0.0,FUNCTIONAL_ANNOTATION,EGGNOG_MAPPER,eggnog-mapper,2.1.13,16.0,64.0,8.0,1.0,150.0,백성용,,c6i.8xlarge,32,1.36,10.88,0.00013020833333333333,10.880130208333334
68,Large Genome Analysis,Gene Annotation,annotation,PacBio Revio,inhouse,2.0.0,FUNCTIONAL_ANNOTATION,MERGE_FUNCTIONAL,python,-,4.0,32.0,2.0,1.0,50.0,백성용,,c6i.4xlarge,16,0.68,1.36,1.0850694444444445e-05,1.3600108506944446
69,Large Genome Analysis,Gene Annotation,annotation,PacBio Revio,inhouse,2.0.0,FUNCTIONAL_ANNOTATION,INTERPROSCAN,interproscan,5.72-103.0,16.0,64.0,24.0,1.0,3000.0,백성용,,c6i.8xlarge,32,1.36,32.64,0.0078125,32.6478125
70,Large Genome Analysis,Gene Annotation,annotation,PacBio Revio,inhouse,2.0.0,VIRULENCE,PHIBASE_DIAMOND_BLASTP,diamond,2.1,8.0,16.0,1.0,1.0,30.0,백성용,,c6i.2xlarge,8,0.34,0.34,3.2552083333333335e-06,0.34000325520833335
71,Large Genome Analysis,Gene Annotation,annotation,PacBio Revio,inhouse,2.0.0,VIRULENCE,PHIBASE_SUMMARIZE,python,-,1.0,1.0,0.1,1.0,5.0,백성용,,c6i.large,2,0.085,0.0085,5.4253472222222225e-08,0.008500054253472222
72,Large Genome Analysis,Variant Call,"variant call (non-human, pacbio)",PacBio Revio,inhouse,2.0.0,PREFLIGHT,REFERENCE_RESOLVE,variant-preflight,-,1.0,2.0,0.2,1.0,1.0,백성용,,c6i.large,2,0.085,0.017,2.170138888888889e-08,0.01700002170138889
73,Large Genome Analysis,Variant Call,"variant call (non-human, pacbio)",PacBio Revio,inhouse,2.0.0,ALIGNMENT,ALIGN_PBMM2,pbmm2,1.17.0,32.0,64.0,4.0,1.0,30000.0,백성용,,c6i.8xlarge,32,1.36,5.44,0.013020833333333334,5.453020833333333
74,Large Genome Analysis,Variant Call,"variant call (non-human, pacbio)",PacBio Revio,inhouse,2.0.0,SNV,CALL_SNV_DEEPVARIANT,deepvariant,1.10.0,32.0,64.0,8.0,1.0,2000.0,백성용,,c6i.8xlarge,32,1.36,10.88,0.0017361111111111112,10.881736111111111
75,Large Genome Analysis,Variant Call,"variant call (non-human, pacbio)",PacBio Revio,inhouse,2.0.0,SNV,CALL_SNV_GATK4_POLYPLOID,gatk4,4.5.0,32.0,96.0,12.0,1.0,2000.0,백성용,,c6i.12xlarge,48,2.04,24.48,0.002604166666666667,24.48260416666667
76,Large Genome Analysis,Variant Call,"variant call (non-human, pacbio)",PacBio Revio,inhouse,2.0.0,SV,CALL_SV_SAWFISH,sawfish,2.2.1,32.0,64.0,4.0,1.0,500.0,백성용,,c6i.8xlarge,32,1.36,5.44,0.0002170138888888889,5.44021701388889
77,Large Genome Analysis,Variant Call,"variant call (non-human, pacbio)",PacBio Revio,inhouse,2.0.0,SV,CALL_SV_SNIFFLES2,sniffles,2.4,32.0,64.0,2.0,1.0,500.0,백성용,,c6i.8xlarge,32,1.36,2.72,0.00010850694444444445,2.720108506944445
78,Large Genome Analysis,Variant Call,"variant call (non-human, pacbio)",PacBio Revio,inhouse,2.0.0,PHASING,PHASE_HIPHASE,hiphase,1.4.0,32.0,64.0,3.0,1.0,2000.0,백성용,,c6i.8xlarge,32,1.36,4.08,0.0006510416666666667,4.080651041666667
79,Large Genome Analysis,Variant Call,"variant call (non-human, pacbio)",PacBio Revio,inhouse,2.0.0,PHASING,PHASE_WHATSHAP_POLYPHASE,whatshap,2.2,32.0,64.0,4.0,1.0,2000.0,백성용,,c6i.8xlarge,32,1.36,5.44,0.0008680555555555556,5.440868055555556
80,Large Genome Analysis,Variant Call,"variant call (non-human, pacbio)",PacBio Revio,inhouse,2.0.0,REPORT,VARIANT_REPORT,python / bcftools,1.21,2.0,4.0,0.5,1.0,50.0,백성용,,c6i.large,2,0.085,0.0425,2.7126736111111112e-06,0.042502712673611116
81,Large Genome Analysis,Variant Call,"variant call (non-human, illumina)",Illumina NovaSeq,inhouse,2.0.0,PREFLIGHT,REFERENCE_RESOLVE,variant-preflight,-,1.0,2.0,0.2,1.0,1.0,백성용,,c6i.large,2,0.085,0.017,2.170138888888889e-08,0.01700002170138889
82,Large Genome Analysis,Variant Call,"variant call (non-human, illumina)",Illumina NovaSeq,inhouse,2.0.0,QC,PREPROCESS_FASTP,fastp,1.0.0,8.0,8.0,2.0,1.0,20000.0,백성용,,c6i.2xlarge,8,0.34,0.68,0.004340277777777778,0.6843402777777778
83,Large Genome Analysis,Variant Call,"variant call (non-human, illumina)",Illumina NovaSeq,inhouse,2.0.0,ALIGNMENT,ALIGN_BWA_MEM2,bwa-mem2,2.2.1,16.0,32.0,8.0,1.0,30000.0,백성용,,c6i.4xlarge,16,0.68,5.44,0.026041666666666668,5.466041666666667
84,Large Genome Analysis,Variant Call,"variant call (non-human, illumina)",Illumina NovaSeq,inhouse,2.0.0,ALIGNMENT,MARK_DUPLICATES,picard (gatk4),4.5.0,4.0,32.0,4.0,1.0,30000.0,백성용,,c6i.4xlarge,16,0.68,2.72,0.013020833333333334,2.7330208333333337
85,Large Genome Analysis,Variant Call,"variant call (non-human, illumina)",Illumina NovaSeq,inhouse,2.0.0,SNV,CALL_SNIPPY,snippy,4.6.0,16.0,16.0,3.0,1.0,2000.0,백성용,,c6i.4xlarge,16,0.68,2.04,0.0006510416666666667,2.0406510416666666
86,Large Genome Analysis,Variant Call,"variant call (non-human, illumina)",Illumina NovaSeq,inhouse,2.0.0,SNV,CALL_GATK4_HC_GVCF,gatk4,4.5.0,16.0,64.0,12.0,1.0,3000.0,백성용,,c6i.8xlarge,32,1.36,16.32,0.00390625,16.32390625
87,Large Genome Analysis,Variant Call,"variant call (non-human, illumina)",Illumina NovaSeq,inhouse,2.0.0,SNV,REBLOCK_GVCF,gatk4,4.5.0,4.0,20.0,2.0,1.0,1000.0,백성용,,c6i.4xlarge,16,0.68,1.36,0.0002170138888888889,1.360217013888889
88,Large Genome Analysis,Variant Call,"variant call (non-human, illumina)",Illumina NovaSeq,inhouse,2.0.0,SNV,GENOTYPE_GVCFS,gatk4,4.5.0,16.0,64.0,8.0,1.0,2000.0,백성용,,c6i.8xlarge,32,1.36,10.88,0.0017361111111111112,10.881736111111111
89,Large Genome Analysis,Variant Call,"variant call (non-human, illumina)",Illumina NovaSeq,inhouse,2.0.0,SNV,GATK_HARD_FILTER,gatk4,4.5.0,4.0,20.0,2.0,1.0,2000.0,백성용,,c6i.4xlarge,16,0.68,1.36,0.0004340277777777778,1.3604340277777778
90,Large Genome Analysis,Variant Call,"variant call (non-human, illumina)",Illumina NovaSeq,inhouse,2.0.0,SV,CALL_SV_MANTA,manta,1.6.0,8.0,16.0,4.0,1.0,500.0,백성용,,c6i.2xlarge,8,0.34,1.36,0.0002170138888888889,1.360217013888889
91,Large Genome Analysis,Variant Call,"variant call (non-human, illumina)",Illumina NovaSeq,inhouse,2.0.0,SV,CALL_SV_DELLY,delly,1.2.6,4.0,16.0,4.0,1.0,500.0,백성용,,c6i.2xlarge,8,0.34,1.36,0.0002170138888888889,1.360217013888889
92,Large Genome Analysis,Variant Call,"variant call (non-human, illumina)",Illumina NovaSeq,inhouse,2.0.0,REPORT,VARIANT_REPORT,python / bcftools,1.21,2.0,4.0,0.5,1.0,50.0,백성용,,c6i.large,2,0.085,0.0425,2.7126736111111112e-06,0.042502712673611116
93,Large Genome Analysis,Organelle Analysis,organelle,Illumina NovaSeq,inhouse,2.0.0,DATA_FILTERING,ADAPTER_TRIMMING,faQCs,2.1,16.0,8.0,1.0,1.0,8000.0,"백성용, 류예지",,c6i.4xlarge,16,0.68,0.68,0.0008680555555555556,0.6808680555555556
94,Large Genome Analysis,Organelle Analysis,organelle,Illumina NovaSeq,inhouse,2.0.0,ORGANELLE_ASSEMBLY,REFERENCE_BASED_ASSEMBLY,get_organelle,1.7.7,16.0,16.0,1.0,1.0,500.0,"백성용, 류예지",,c6i.4xlarge,16,0.68,0.68,5.4253472222222226e-05,0.6800542534722223
95,Large Genome Analysis,Organelle Analysis,organelle,Illumina NovaSeq,inhouse,2.0.0,ORGANELLE_ASSEMBLY,REFERENCE_BASED_ASSEMBLY,mtgrasp,1.1.8,16.0,16.0,1.0,1.0,500.0,"백성용, 류예지",,c6i.4xlarge,16,0.68,0.68,5.4253472222222226e-05,0.6800542534722223
96,Large Genome Analysis,Organelle Analysis,organelle,Illumina NovaSeq,inhouse,2.0.0,ORGANELLE_ASSEMBLY,REFERENCE_BASED_ASSEMBLY,mitofinder,1.4.2,16.0,16.0,3.0,1.0,500.0,"백성용, 류예지",,c6i.4xlarge,16,0.68,2.04,0.00016276041666666668,2.0401627604166666
97,Large Genome Analysis,Organelle Analysis,organelle,Illumina NovaSeq,inhouse,2.0.0,ANNOTATION,ANNOTATION_VISUALIZATION,chlorobox,web,1.0,1.0,0.1,1.0,5.0,"백성용, 류예지",,c6i.large,2,0.085,0.0085,5.4253472222222225e-08,0.008500054253472222
98,Large Genome Analysis,K-mer Genome Size Estimation,kmer (pacbio),PacBio Revio,inhouse,2.0.0,KMER_COUNT,MERYL_COUNT,meryl,1.4.1,16.0,64.0,4.0,1.0,15000.0,백성용,,c6i.8xlarge,32,1.36,5.44,0.006510416666666667,5.446510416666667
99,Large Genome Analysis,K-mer Genome Size Estimation,kmer (pacbio),PacBio Revio,inhouse,2.0.0,KMER_COUNT,MERYL_MERGE,meryl,1.4.1,4.0,32.0,2.0,1.0,10000.0,백성용,,c6i.4xlarge,16,0.68,1.36,0.002170138888888889,1.362170138888889
100,Large Genome Analysis,K-mer Genome Size Estimation,kmer (pacbio),PacBio Revio,inhouse,2.0.0,KMER_COUNT,MERYL_HISTOGRAM,meryl,1.4.1,1.0,4.0,0.1,1.0,1.0,백성용,,c6i.large,2,0.085,0.0085,1.0850694444444445e-08,0.008500010850694444
101,Large Genome Analysis,K-mer Genome Size Estimation,kmer (pacbio),PacBio Revio,inhouse,2.0.0,GENOME_SIZE_EST,GENOMESCOPE_HIFI,genomescope2,2,2.0,4.0,0.5,1.0,5.0,백성용,,c6i.large,2,0.085,0.0425,2.712673611111111e-07,0.04250027126736111
102,Large Genome Analysis,K-mer Genome Size Estimation,kmer (pacbio),PacBio Revio,inhouse,2.0.0,REPORTING,COMPARE_ESTIMATES,python,-,1.0,1.0,0.1,1.0,1.0,백성용,,c6i.large,2,0.085,0.0085,1.0850694444444445e-08,0.008500010850694444
103,Large Genome Analysis,K-mer Genome Size Estimation,kmer (illumina),Illumina NovaSeq,inhouse,2.0.0,KMER_COUNT,JELLYFISH_COUNT,jellyfish,2.3.1,16.0,64.0,6.0,1.0,12000.0,백성용,,c6i.8xlarge,32,1.36,8.16,0.0078125,8.1678125
104,Large Genome Analysis,K-mer Genome Size Estimation,kmer (illumina),Illumina NovaSeq,inhouse,2.0.0,KMER_COUNT,JELLYFISH_HISTO,jellyfish,2.3.1,4.0,4.0,0.5,1.0,1.0,백성용,,c6i.xlarge,4,0.17,0.085,5.4253472222222225e-08,0.08500005425347223
105,Large Genome Analysis,K-mer Genome Size Estimation,kmer (illumina),Illumina NovaSeq,inhouse,2.0.0,GENOME_SIZE_EST,GENOMESCOPE_ILLUMINA,genomescope2,2,2.0,4.0,0.5,1.0,5.0,백성용,,c6i.large,2,0.085,0.0425,2.712673611111111e-07,0.04250027126736111
106,Large Genome Analysis,taxonomy profiling,profiling,PacBio Revio,inhouse,2.0.0,TRACK1_KRAKEN2,KRAKEN2_READS,kraken2,2.1.2,64.0,256.0,6.0,1.0,20000.0,백성용,,r6i.16xlarge,64,4.032,24.192,0.013020833333333334,24.205020833333332
107,Large Genome Analysis,taxonomy profiling,profiling,PacBio Revio,inhouse,2.0.0,TRACK1_KRAKEN2,SPECIES_SUMMARY,python,-,1.0,1.0,0.1,1.0,1.0,백성용,,c6i.large,2,0.085,0.0085,1.0850694444444445e-08,0.008500010850694444
108,Large Genome Analysis,taxonomy profiling,profiling,PacBio Revio,inhouse,2.0.0,TRACK2_MAPPING,MINIMAP2_READS_TO_REF,minimap2 / samtools,2.24 / 1.21,32.0,48.0,6.0,1.0,8000.0,백성용,,c6i.8xlarge,32,1.36,8.16,0.005208333333333334,8.165208333333334
109,Large Genome Analysis,taxonomy profiling,profiling,PacBio Revio,inhouse,2.0.0,TRACK2_MAPPING,CONTIG_KRAKEN2,kraken2,2.1.2,64.0,256.0,3.0,1.0,100.0,백성용,,r6i.16xlarge,64,4.032,12.096,3.255208333333333e-05,12.096032552083333
110,Large Genome Analysis,taxonomy profiling,profiling,PacBio Revio,inhouse,2.0.0,TRACK2_MAPPING,MINIMAP2_CONTIG_TO_REF,minimap2 / samtools,2.24 / 1.21,32.0,32.0,1.0,1.0,2000.0,백성용,,c6i.8xlarge,32,1.36,1.36,0.0002170138888888889,1.360217013888889
111,Large Genome Analysis,taxonomy profiling,profiling,PacBio Revio,inhouse,2.0.0,REPORTING,PROFILING_REPORT,python,-,1.0,1.0,0.1,1.0,5.0,백성용,,c6i.large,2,0.085,0.0085,5.4253472222222225e-08,0.008500054253472222
112,Virus Analysis,Single Virus Analysis,virus (pacbio),PacBio Revio,inhouse,1.0.0,INPUT_PREP,HIFI_TO_FASTQ,samtools,1.21,8.0,16.0,2.0,1.0,1000.0,백성용,,c6i.2xlarge,8,0.34,0.68,0.0002170138888888889,0.6802170138888889
113,Virus Analysis,Single Virus Analysis,virus (pacbio),PacBio Revio,inhouse,1.0.0,DENOVO_ASSEMBLY,ASSEMBLE_HYBRACTER (기본),hybracter,0.12.0,32.0,64.0,10.0,1.0,200.0,백성용,,c6i.8xlarge,32,1.36,13.600000000000001,0.0002170138888888889,13.60021701388889
114,Virus Analysis,Single Virus Analysis,virus (pacbio),PacBio Revio,inhouse,1.0.0,DENOVO_ASSEMBLY,ASSEMBLE_HIFI (폴백),flye,2.9.5,32.0,48.0,6.0,1.0,100.0,백성용,,c6i.8xlarge,32,1.36,8.16,6.510416666666667e-05,8.160065104166668
115,Virus Analysis,Single Virus Analysis,virus (pacbio),PacBio Revio,inhouse,1.0.0,REF_MAPPING,MAP_HIFI,minimap2,2.24,32.0,32.0,2.0,1.0,200.0,백성용,,c6i.8xlarge,32,1.36,2.72,4.340277777777778e-05,2.720043402777778
116,Virus Analysis,Single Virus Analysis,virus (pacbio),PacBio Revio,inhouse,1.0.0,REF_VARIANTS,CALL_HIFI,bcftools,1.21,4.0,8.0,1.0,1.0,1.0,백성용,,c6i.xlarge,4,0.17,0.17,1.0850694444444445e-07,0.17000010850694447
117,Virus Analysis,Single Virus Analysis,virus (pacbio),PacBio Revio,inhouse,1.0.0,NORMALIZE,DTR_TRIM,checkv / mummer4,1.0.1 / 4.0,8.0,16.0,1.0,1.0,1.0,백성용,,c6i.2xlarge,8,0.34,0.34,1.0850694444444445e-07,0.34000010850694445
118,Virus Analysis,Single Virus Analysis,virus (pacbio),PacBio Revio,inhouse,1.0.0,NORMALIZE,REORIENT,dnaapler,1.3,16.0,16.0,1.0,1.0,1.0,백성용,,c6i.4xlarge,16,0.68,0.68,1.0850694444444445e-07,0.6800001085069445
119,Virus Analysis,Single Virus Analysis,virus (pacbio),PacBio Revio,inhouse,1.0.0,ANNOTATION,VADR (non-phage),vadr,1.6.4,8.0,16.0,2.0,1.0,10.0,백성용,,c6i.2xlarge,8,0.34,0.68,2.170138888888889e-06,0.680002170138889
120,Virus Analysis,Single Virus Analysis,virus (pacbio),PacBio Revio,inhouse,1.0.0,ANNOTATION,PHAROKKA (phage),pharokka,1.7.0,8.0,16.0,1.0,1.0,50.0,백성용,,c6i.2xlarge,8,0.34,0.34,5.4253472222222224e-06,0.3400054253472222
121,Virus Analysis,Single Virus Analysis,virus (pacbio),PacBio Revio,inhouse,1.0.0,ANNOTATION,PHOLD (phage),phold,1.2.5,64.0,64.0,6.0,1.0,50.0,백성용,,c6i.16xlarge,64,2.72,16.32,3.255208333333333e-05,16.320032552083333
122,Virus Analysis,Single Virus Analysis,virus (pacbio),PacBio Revio,inhouse,1.0.0,ANNOTATION,CHECKV (phage),checkv,1.0.1,32.0,32.0,2.0,1.0,10.0,백성용,,c6i.8xlarge,32,1.36,2.72,2.170138888888889e-06,2.7200021701388892
123,Virus Analysis,Single Virus Analysis,virus (pacbio),PacBio Revio,inhouse,1.0.0,ANNOTATION,NEXTCLADE (non-phage),nextclade,3,4.0,8.0,1.0,1.0,1.0,백성용,,c6i.xlarge,4,0.17,0.17,1.0850694444444445e-07,0.17000010850694447
124,Virus Analysis,Single Virus Analysis,virus (pacbio),PacBio Revio,inhouse,1.0.0,COVERAGE,SAMTOOLS_DEPTH,samtools,1.21,4.0,8.0,1.0,1.0,5.0,백성용,,c6i.xlarge,4,0.17,0.17,5.425347222222222e-07,0.17000054253472224
125,Virus Analysis,Single Virus Analysis,virus (pacbio),PacBio Revio,inhouse,1.0.0,REPORTING,VIRUS_SUMMARY,python,-,1.0,1.0,0.1,1.0,1.0,백성용,,c6i.large,2,0.085,0.0085,1.0850694444444445e-08,0.008500010850694444
126,Virus Analysis,Single Virus Analysis,virus (ont),Nanopore PromethION,inhouse,1.0.0,INPUT_PREP,ONT_TO_FASTQ,samtools,1.21,8.0,16.0,2.0,1.0,1000.0,백성용,,c6i.2xlarge,8,0.34,0.68,0.0002170138888888889,0.6802170138888889
127,Virus Analysis,Single Virus Analysis,virus (ont),Nanopore PromethION,inhouse,1.0.0,DENOVO_ASSEMBLY,ASSEMBLE_HYBRACTER (기본),hybracter,0.12.0,32.0,64.0,10.0,1.0,200.0,백성용,,c6i.8xlarge,32,1.36,13.600000000000001,0.0002170138888888889,13.60021701388889
128,Virus Analysis,Single Virus Analysis,virus (ont),Nanopore PromethION,inhouse,1.0.0,DENOVO_ASSEMBLY,ASSEMBLE_ONT (폴백),flye,2.9.5,32.0,48.0,6.0,1.0,100.0,백성용,,c6i.8xlarge,32,1.36,8.16,6.510416666666667e-05,8.160065104166668
129,Virus Analysis,Single Virus Analysis,virus (ont),Nanopore PromethION,inhouse,1.0.0,DENOVO_ASSEMBLY,ONT_MEDAKA_POLISH,medaka,2.2.2,16.0,32.0,4.0,1.0,5.0,백성용,,c6i.4xlarge,16,0.68,2.72,2.170138888888889e-06,2.7200021701388892
130,Virus Analysis,Single Virus Analysis,virus (ont),Nanopore PromethION,inhouse,1.0.0,REF_CONSENSUS,CONSENSUS_ONT,medaka,2.2.2,16.0,32.0,2.0,1.0,1.0,백성용,,c6i.4xlarge,16,0.68,1.36,2.170138888888889e-07,1.360000217013889
131,Virus Analysis,Single Virus Analysis,virus (ont),Nanopore PromethION,inhouse,1.0.0,REF_VARIANTS,CALL_ONT,clair3,2.0.1,16.0,32.0,2.0,1.0,1.0,백성용,,c6i.4xlarge,16,0.68,1.36,2.170138888888889e-07,1.360000217013889
132,Virus Analysis,Single Virus Analysis,virus (ont),Nanopore PromethION,inhouse,1.0.0,NORMALIZE,DTR_TRIM,checkv / mummer4,1.0.1 / 4.0,8.0,16.0,1.0,1.0,1.0,백성용,,c6i.2xlarge,8,0.34,0.34,1.0850694444444445e-07,0.34000010850694445
133,Virus Analysis,Single Virus Analysis,virus (ont),Nanopore PromethION,inhouse,1.0.0,NORMALIZE,REORIENT,dnaapler,1.3,16.0,16.0,1.0,1.0,1.0,백성용,,c6i.4xlarge,16,0.68,0.68,1.0850694444444445e-07,0.6800001085069445
134,Virus Analysis,Single Virus Analysis,virus (ont),Nanopore PromethION,inhouse,1.0.0,ANNOTATION,VADR (non-phage),vadr,1.6.4,8.0,16.0,2.0,1.0,10.0,백성용,,c6i.2xlarge,8,0.34,0.68,2.170138888888889e-06,0.680002170138889
135,Virus Analysis,Single Virus Analysis,virus (ont),Nanopore PromethION,inhouse,1.0.0,ANNOTATION,PHAROKKA (phage),pharokka,1.7.0,8.0,16.0,1.0,1.0,50.0,백성용,,c6i.2xlarge,8,0.34,0.34,5.4253472222222224e-06,0.3400054253472222
136,Virus Analysis,Single Virus Analysis,virus (ont),Nanopore PromethION,inhouse,1.0.0,ANNOTATION,PHOLD (phage),phold,1.2.5,64.0,64.0,6.0,1.0,50.0,백성용,,c6i.16xlarge,64,2.72,16.32,3.255208333333333e-05,16.320032552083333
137,Virus Analysis,Single Virus Analysis,virus (ont),Nanopore PromethION,inhouse,1.0.0,ANNOTATION,CHECKV (phage),checkv,1.0.1,32.0,32.0,2.0,1.0,10.0,백성용,,c6i.8xlarge,32,1.36,2.72,2.170138888888889e-06,2.7200021701388892
138,Virus Analysis,Single Virus Analysis,virus (ont),Nanopore PromethION,inhouse,1.0.0,ANNOTATION,NEXTCLADE (non-phage),nextclade,3,4.0,8.0,1.0,1.0,1.0,백성용,,c6i.xlarge,4,0.17,0.17,1.0850694444444445e-07,0.17000010850694447
139,Virus Analysis,Single Virus Analysis,virus (ont),Nanopore PromethION,inhouse,1.0.0,COVERAGE,SAMTOOLS_DEPTH,samtools,1.21,4.0,8.0,1.0,1.0,5.0,백성용,,c6i.xlarge,4,0.17,0.17,5.425347222222222e-07,0.17000054253472224
140,Virus Analysis,Single Virus Analysis,virus (ont),Nanopore PromethION,inhouse,1.0.0,REPORTING,VIRUS_SUMMARY,python,-,1.0,1.0,0.1,1.0,1.0,백성용,,c6i.large,2,0.085,0.0085,1.0850694444444445e-08,0.008500010850694444
141,Virus Analysis,Single Virus Analysis,virus (illumina),Illumina NovaSeq,inhouse,1.0.0,INPUT_PREP,ILLUMINA_QC,fastp,0.23.4,8.0,8.0,2.0,1.0,500.0,백성용,,c6i.2xlarge,8,0.34,0.68,0.00010850694444444445,0.6801085069444445
142,Virus Analysis,Single Virus Analysis,virus (illumina),Illumina NovaSeq,inhouse,1.0.0,DENOVO_ASSEMBLY,ASSEMBLE_ILLUMINA,spades,4,16.0,64.0,6.0,1.0,100.0,백성용,,c6i.8xlarge,32,1.36,8.16,6.510416666666667e-05,8.160065104166668
143,Virus Analysis,Single Virus Analysis,virus (illumina),Illumina NovaSeq,inhouse,1.0.0,REF_MAPPING,MAP_ILLUMINA,bwa-mem2,2.2,16.0,32.0,2.0,1.0,200.0,백성용,,c6i.4xlarge,16,0.68,1.36,4.340277777777778e-05,1.360043402777778
144,Virus Analysis,Single Virus Analysis,virus (illumina),Illumina NovaSeq,inhouse,1.0.0,REF_VARIANTS,CALL_ILLUMINA,bcftools,1.21,4.0,8.0,1.0,1.0,1.0,백성용,,c6i.xlarge,4,0.17,0.17,1.0850694444444445e-07,0.17000010850694447
145,Virus Analysis,Single Virus Analysis,virus (illumina),Illumina NovaSeq,inhouse,1.0.0,NORMALIZE,DTR_TRIM,checkv / mummer4,1.0.1 / 4.0,8.0,16.0,1.0,1.0,1.0,백성용,,c6i.2xlarge,8,0.34,0.34,1.0850694444444445e-07,0.34000010850694445
146,Virus Analysis,Single Virus Analysis,virus (illumina),Illumina NovaSeq,inhouse,1.0.0,NORMALIZE,REORIENT,dnaapler,1.3,16.0,16.0,1.0,1.0,1.0,백성용,,c6i.4xlarge,16,0.68,0.68,1.0850694444444445e-07,0.6800001085069445
147,Virus Analysis,Single Virus Analysis,virus (illumina),Illumina NovaSeq,inhouse,1.0.0,ANNOTATION,VADR (non-phage),vadr,1.6.4,8.0,16.0,2.0,1.0,10.0,백성용,,c6i.2xlarge,8,0.34,0.68,2.170138888888889e-06,0.680002170138889
148,Virus Analysis,Single Virus Analysis,virus (illumina),Illumina NovaSeq,inhouse,1.0.0,ANNOTATION,PHAROKKA (phage),pharokka,1.7.0,8.0,16.0,1.0,1.0,50.0,백성용,,c6i.2xlarge,8,0.34,0.34,5.4253472222222224e-06,0.3400054253472222
149,Virus Analysis,Single Virus Analysis,virus (illumina),Illumina NovaSeq,inhouse,1.0.0,ANNOTATION,PHOLD (phage),phold,1.2.5,64.0,64.0,6.0,1.0,50.0,백성용,,c6i.16xlarge,64,2.72,16.32,3.255208333333333e-05,16.320032552083333
150,Virus Analysis,Single Virus Analysis,virus (illumina),Illumina NovaSeq,inhouse,1.0.0,ANNOTATION,CHECKV (phage),checkv,1.0.1,32.0,32.0,2.0,1.0,10.0,백성용,,c6i.8xlarge,32,1.36,2.72,2.170138888888889e-06,2.7200021701388892
151,Virus Analysis,Single Virus Analysis,virus (illumina),Illumina NovaSeq,inhouse,1.0.0,ANNOTATION,NEXTCLADE (non-phage),nextclade,3,4.0,8.0,1.0,1.0,1.0,백성용,,c6i.xlarge,4,0.17,0.17,1.0850694444444445e-07,0.17000010850694447
152,Virus Analysis,Single Virus Analysis,virus (illumina),Illumina NovaSeq,inhouse,1.0.0,COVERAGE,SAMTOOLS_DEPTH,samtools,1.21,4.0,8.0,1.0,1.0,5.0,백성용,,c6i.xlarge,4,0.17,0.17,5.425347222222222e-07,0.17000054253472224
153,Virus Analysis,Single Virus Analysis,virus (illumina),Illumina NovaSeq,inhouse,1.0.0,REPORTING,VIRUS_SUMMARY,python,-,1.0,1.0,0.1,1.0,1.0,백성용,,c6i.large,2,0.085,0.0085,1.0850694444444445e-08,0.008500010850694444
154,Small Genome Analysis,Small Genome Analysis,"Assembly (Bacteria,Fungi)",PacBio Revio,inhouse,1.0.0,DEMULTIPLEXING,DEMULTIPLEXING,lima,2.12.0,32.0,1.0,0.1,1.0,20000.0,류예지,GenomeSize 6Mb 기준,c6i.8xlarge,32,1.36,0.136,0.0002170138888888889,0.1362170138888889
155,Small Genome Analysis,Small Genome Analysis,"Assembly (Bacteria,Fungi)",PacBio Revio,inhouse,1.0.0,DEMULTIPLEXING,BAM_TO_FASTA,samtools,1.21,32.0,1.0,0.1,1.0,3000.0,류예지,,c6i.8xlarge,32,1.36,0.136,3.255208333333333e-05,0.13603255208333334
156,Small Genome Analysis,Small Genome Analysis,"Assembly (Bacteria,Fungi)",PacBio Revio,inhouse,1.0.0,DEMULTIPLEXING,BAM_TO_FASTQ,samtools,1.21,32.0,1.0,0.1,1.0,3000.0,류예지,,c6i.8xlarge,32,1.36,0.136,3.255208333333333e-05,0.13603255208333334
157,Small Genome Analysis,Small Genome Analysis,"Assembly (Bacteria,Fungi)",PacBio Revio,inhouse,1.0.0,DE_NOVO_ASSEMBLY,ASSEMBLY,flye,2.9.5,64.0,8.0,1.0,1.0,6000.0,류예지,,c6i.16xlarge,64,2.72,2.72,0.0006510416666666667,2.7206510416666667
158,Small Genome Analysis,Small Genome Analysis,"Assembly (Bacteria,Fungi)",PacBio Revio,inhouse,1.0.0,DE_NOVO_ASSEMBLY,,pbcromwell,2.0.3,64.0,1.0,3.0,1.0,43000.0,류예지,,c6i.16xlarge,64,2.72,8.16,0.013997395833333334,8.173997395833334
159,Small Genome Analysis,Small Genome Analysis,"Assembly (Bacteria,Fungi)","PacBio Revio, illumina Novaseq",inhouse,1.0.0,DE_NOVO_ASSEMBLY,,unicycler,0.5.1,64.0,1.0,24.0,1.0,50.0,류예지,,c6i.16xlarge,64,2.72,65.28,0.00013020833333333333,65.28013020833333
160,Small Genome Analysis,Small Genome Analysis,"Assembly (Bacteria,Fungi)",PacBio Revio,inhouse,1.0.0,DE_NOVO_ASSEMBLY,CIRCULIZATION,circulator,1.5.5,64.0,1.0,0.4,2.0,5000.0,류예지,,c6i.16xlarge,64,2.72,2.176,0.0002170138888888889,2.176217013888889
161,Small Genome Analysis,Small Genome Analysis,"Assembly (Bacteria,Fungi)",PacBio Revio,inhouse,1.0.0,DE_NOVO_ASSEMBLY,GENOME PLOT,circos,0.69.9,8.0,1.0,0.1,1.0,1.0,류예지,,c6i.2xlarge,8,0.34,0.034,1.0850694444444445e-08,0.03400001085069445
162,Small Genome Analysis,Small Genome Analysis,"Assembly (Bacteria,Fungi)","PacBio Revio, illumina Novaseq",inhouse,1.0.0,ASSESSMENT,BUSCO,busco,5.7.1,8.0,1.0,0.1,2.0,50.0,류예지,,c6i.2xlarge,8,0.34,0.068,5.425347222222222e-07,0.06800054253472222
163,Small Genome Analysis,Small Genome Analysis,"Assembly (Bacteria,Fungi)",PacBio Revio,inhouse,1.0.0,POLISHING,ERROR CORRECTION,pilon,1.24,64.0,20.0,0.4,1.0,5000.0,류예지,,c6i.16xlarge,64,2.72,1.088,0.0002170138888888889,1.088217013888889
164,Small Genome Analysis,Small Genome Analysis,"Assembly (Bacteria,Fungi)",PacBio Revio,inhouse,1.0.0,POLISHING,,gatk,3.6,64.0,1.0,0.1,1.0,500.0,류예지,,c6i.16xlarge,64,2.72,0.272,5.4253472222222224e-06,0.2720054253472222
165,Small Genome Analysis,Small Genome Analysis,"Assembly (Bacteria,Fungi)","PacBio Revio, illumina Novaseq",inhouse,1.0.0,REPORTING,MAKE RESULT,python,-,32.0,1.0,1.0,1.0,20000.0,류예지,,c6i.8xlarge,32,1.36,1.36,0.002170138888888889,1.362170138888889
166,Small Genome Analysis,Small Genome Analysis,"Assembly (Bacteria,Fungi)","PacBio Revio, illumina Novaseq",inhouse,1.0.0,REPORTING,MAKE REPORT,python,-,8.0,1.0,0.1,1.0,20.0,류예지,,c6i.2xlarge,8,0.34,0.034,2.170138888888889e-07,0.03400021701388889
167,Small Genome Analysis,Small Genome Analysis,"Annotation (Bacteria, Fungi)","PacBio Revio, illumina Novaseq",inhouse,1.0.0,ANNOTATION,GENE PREDICTION,prokka,1.14.6,64.0,1.0,0.1,1.0,110.0,류예지,,c6i.16xlarge,64,2.72,0.272,1.1935763888888889e-06,0.2720011935763889
168,Small Genome Analysis,Small Genome Analysis,"Annotation (Bacteria, Fungi)","PacBio Revio, illumina Novaseq",inhouse,1.0.0,ANNOTATION,FUNCTIONAL ANNOTATION,diamond,2.1.11,64.0,8.0,0.4,1.0,800.0,류예지,,c6i.16xlarge,64,2.72,1.088,3.472222222222222e-05,1.0880347222222222
169,Small Genome Analysis,Small Genome Analysis,"Annotation (Bacteria, Fungi)","PacBio Revio, illumina Novaseq",inhouse,1.0.0,ANNOTATION,,blast2go,1.5.1,1.0,1.0,0.5,1.0,600.0,류예지,,c6i.large,2,0.085,0.0425,3.255208333333333e-05,0.042532552083333335
170,Small Genome Analysis,Small Genome Analysis,"Annotation (Bacteria, Fungi)",illumina Novaseq,inhouse,1.0.0,MAPPING,GENOME COVERAGE,samtools,1.9,32.0,1.0,0.1,1.0,1.0,류예지,,c6i.8xlarge,32,1.36,0.136,1.0850694444444445e-08,0.13600001085069446
171,Small Genome Analysis,Small Genome Analysis,"Annotation (Bacteria, Fungi)",illumina Novaseq,inhouse,1.0.0,MAPPING,GENE ALIGNMENT,bwa,1.9,32.0,1.0,0.5,1.0,5000.0,류예지,,c6i.8xlarge,32,1.36,0.68,0.0002712673611111111,0.6802712673611112
172,Small Genome Analysis,Small Genome Analysis,"Annotation (Bacteria, Fungi)",PacBio Revio,inhouse,1.0.0,MAPPING,,minimap2,2.17,32.0,1.0,0.5,1.0,10000.0,류예지,,c6i.8xlarge,32,1.36,0.68,0.0005425347222222222,0.6805425347222223
173,Small Genome Analysis,Small Genome Analysis,"Annotation (Bacteria, Fungi)","PacBio Revio, illumina Novaseq",inhouse,1.0.0,REPORTING,MAKE RESULT,python,-,32.0,1.0,1.0,1.0,20000.0,류예지,,c6i.8xlarge,32,1.36,1.36,0.002170138888888889,1.362170138888889
174,Small Genome Analysis,Small Genome Analysis,"Annotation (Bacteria, Fungi)","PacBio Revio, illumina Novaseq",inhouse,1.0.0,REPORTING,MAKE REPORT,python,-,8.0,1.0,0.1,1.0,20.0,류예지,,c6i.2xlarge,8,0.34,0.034,2.170138888888889e-07,0.03400021701388889
175,Microbiome,16S metagenome,16S rRNA metagenome (Illumina),Illumina Miseq,16S V3-V4 (inhouse),1.0.0,IMPORT DATA,IMPORT_QZA,qiime2,2024.5,32.0,1.0,0.1,1.0,1200.0,류예지,샘플당 평균 150Mb 생산,c6i.8xlarge,32,1.36,0.136,1.3020833333333334e-05,0.13601302083333333
176,Microbiome,16S metagenome,16S rRNA metagenome (Illumina),Illumina Miseq,16S V3-V4 (inhouse),1.0.0,TRIMMING,TRIMMING,qiime2,2024.5,32.0,1.0,0.2,1.0,3000.0,류예지,,c6i.8xlarge,32,1.36,0.272,6.510416666666667e-05,0.2720651041666667
177,Microbiome,16S metagenome,16S rRNA metagenome (Illumina),Illumina Miseq,16S V3-V4 (inhouse),1.0.0,OTU CLUSTERING,OTU CLUSTERING,qiime2,2024.5,64.0,2.0,0.5,1.0,100.0,류예지,,c6i.16xlarge,64,2.72,1.36,5.4253472222222224e-06,1.3600054253472222
178,Microbiome,16S metagenome,16S rRNA metagenome (Illumina),Illumina Miseq,16S V3-V4 (inhouse),1.0.0,OTU CLUSTERING,CHIMERA_REMOVAL,qiime2,2024.5,64.0,1.0,0.1,1.0,10.0,류예지,,c6i.16xlarge,64,2.72,0.272,1.0850694444444445e-07,0.27200010850694445
179,Microbiome,16S metagenome,16S rRNA metagenome (Illumina),Illumina Miseq,16S V3-V4 (inhouse),1.0.0,OTU CLUSTERING,TAXONOMY_PROFILE,qiime2,2024.5,64.0,3.0,0.1,1.0,10.0,류예지,,c6i.16xlarge,64,2.72,0.272,1.0850694444444445e-07,0.27200010850694445
180,Microbiome,16S metagenome,16S rRNA metagenome (Illumina),Illumina Miseq,16S V3-V4 (inhouse),1.0.0,OTU CLUSTERING,PHYLOGENY,qiime2,2024.5,64.0,1.0,0.2,1.0,10.0,류예지,,c6i.16xlarge,64,2.72,0.544,2.170138888888889e-07,0.5440002170138889
181,Microbiome,16S metagenome,16S rRNA metagenome (Illumina),Illumina Miseq,16S V3-V4 (inhouse),1.0.0,ASV CLUSTERING,ASV CLUSTERING,qiime2,2024.5,64.0,10.0,0.5,1.0,5.0,류예지,,c6i.16xlarge,64,2.72,1.36,2.712673611111111e-07,1.3600002712673611
182,Microbiome,16S metagenome,16S rRNA metagenome (Illumina),Illumina Miseq,16S V3-V4 (inhouse),1.0.0,ASV CLUSTERING,TAXONOMY_PROFILE,qiime2,2024.5,64.0,2.0,0.1,1.0,5.0,류예지,,c6i.16xlarge,64,2.72,0.272,5.4253472222222225e-08,0.27200005425347223
183,Microbiome,16S metagenome,16S rRNA metagenome (Illumina),Illumina Miseq,16S V3-V4 (inhouse),1.0.0,ASV CLUSTERING,PHYLOGENY,qiime2,2024.5,64.0,1.0,0.2,1.0,15.0,류예지,,c6i.16xlarge,64,2.72,0.544,3.255208333333334e-07,0.5440003255208333
184,Microbiome,16S metagenome,16S rRNA metagenome (Illumina),Illumina Miseq,16S V3-V4 (inhouse),1.0.0,DIVERSITY,ACE DIVERSITY,qiime2,2024.5,64.0,1.0,0.1,1.0,5.0,류예지,,c6i.16xlarge,64,2.72,0.272,5.4253472222222225e-08,0.27200005425347223
185,Microbiome,16S metagenome,16S rRNA metagenome (Illumina),Illumina Miseq,16S V3-V4 (inhouse),1.0.0,DIVERSITY,ALPHA RAREFACTION,qiime2,2024.5,64.0,1.0,0.1,1.0,5.0,류예지,,c6i.16xlarge,64,2.72,0.272,5.4253472222222225e-08,0.27200005425347223
186,Microbiome,16S metagenome,16S rRNA metagenome (Illumina),Illumina Miseq,16S V3-V4 (inhouse),1.0.0,DIVERSITY,CHAO1 DIVERSITY,qiime2,2024.5,64.0,1.0,0.1,1.0,5.0,류예지,,c6i.16xlarge,64,2.72,0.272,5.4253472222222225e-08,0.27200005425347223
187,Microbiome,16S metagenome,16S rRNA metagenome (Illumina),Illumina Miseq,16S V3-V4 (inhouse),1.0.0,DIVERSITY,GOODS COVERAGE DIVERSITY,qiime2,2024.5,64.0,1.0,0.1,1.0,5.0,류예지,,c6i.16xlarge,64,2.72,0.272,5.4253472222222225e-08,0.27200005425347223
188,Microbiome,16S metagenome,16S rRNA metagenome (Illumina),Illumina Miseq,16S V3-V4 (inhouse),1.0.0,DIVERSITY,OBSERVED FEATURES DIVERSITY,qiime2,2024.5,64.0,1.0,0.1,1.0,5.0,류예지,,c6i.16xlarge,64,2.72,0.272,5.4253472222222225e-08,0.27200005425347223
189,Microbiome,16S metagenome,16S rRNA metagenome (Illumina),Illumina Miseq,16S V3-V4 (inhouse),1.0.0,DIVERSITY,SHANNON DIVERSITY,qiime2,2024.5,64.0,1.0,0.1,1.0,5.0,류예지,,c6i.16xlarge,64,2.72,0.272,5.4253472222222225e-08,0.27200005425347223
190,Microbiome,16S metagenome,16S rRNA metagenome (Illumina),Illumina Miseq,16S V3-V4 (inhouse),1.0.0,DIVERSITY,SIMPSON DIVERSITY,qiime2,2024.5,64.0,1.0,0.1,1.0,5.0,류예지,,c6i.16xlarge,64,2.72,0.272,5.4253472222222225e-08,0.27200005425347223
191,Microbiome,16S metagenome,16S rRNA metagenome (Illumina),Illumina Miseq,16S V3-V4 (inhouse),1.0.0,DIVERSITY,CORE DIVERSITY,qiime2,2024.5,64.0,1.0,0.1,1.0,50.0,류예지,,c6i.16xlarge,64,2.72,0.272,5.425347222222222e-07,0.2720005425347222
192,Microbiome,16S metagenome,16S rRNA metagenome (Illumina),Illumina Miseq,16S V3-V4 (inhouse),1.0.0,REPORTING,MAKE_DATA,python,-,32.0,1.0,0.1,1.0,3000.0,류예지,,c6i.8xlarge,32,1.36,0.136,3.255208333333333e-05,0.13603255208333334
193,Microbiome,16S metagenome,16S rRNA metagenome (Illumina),Illumina Miseq,16S V3-V4 (inhouse),1.0.0,REPORTING,MAKE_REPORT,python,-,32.0,1.0,0.1,1.0,50.0,류예지,,c6i.8xlarge,32,1.36,0.136,5.425347222222222e-07,0.13600054253472224
194,Microbiome,16S metagenome,16S rRNA metagenome (PacBio),PacBio Revio,16S full-length (inhouse),1.0.0,IMPORT DATA,IMPORT_QZA,qiime2,2024.5,32.0,1.0,1.0,1.0,1000.0,류예지,"샘플 당 평균 0.8~1Gb 생산 (최대 3Gb 가량 생산된 샘플도 존재, 샘플당 편차가 큼)",c6i.8xlarge,32,1.36,1.36,0.00010850694444444445,1.3601085069444445
195,Microbiome,16S metagenome,16S rRNA metagenome (PacBio),PacBio Revio,16S full-length (inhouse),1.0.0,TRIMMING,TRIMMING,qiime2,2024.5,32.0,1.0,0.5,1.0,1500.0,류예지,,c6i.8xlarge,32,1.36,0.68,8.138020833333334e-05,0.6800813802083334
196,Microbiome,16S metagenome,16S rRNA metagenome (PacBio),PacBio Revio,16S full-length (inhouse),1.0.0,OTU CLUSTERING,OTU CLUSTERING,qiime2,2024.5,64.0,36.0,6.0,1.0,1000.0,류예지,,c6i.16xlarge,64,2.72,16.32,0.0006510416666666667,16.320651041666668
197,Microbiome,16S metagenome,16S rRNA metagenome (PacBio),PacBio Revio,16S full-length (inhouse),1.0.0,OTU CLUSTERING,CHIMERA_REMOVAL,qiime2,2024.5,64.0,4.0,5.0,1.0,400.0,류예지,,c6i.16xlarge,64,2.72,13.600000000000001,0.0002170138888888889,13.60021701388889
198,Microbiome,16S metagenome,16S rRNA metagenome (PacBio),PacBio Revio,16S full-length (inhouse),1.0.0,OTU CLUSTERING,TAXONOMY_PROFILE,qiime2,2024.5,64.0,8.0,1.0,1.0,500.0,류예지,,c6i.16xlarge,64,2.72,2.72,5.4253472222222226e-05,2.7200542534722225
199,Microbiome,16S metagenome,16S rRNA metagenome (PacBio),PacBio Revio,16S full-length (inhouse),1.0.0,OTU CLUSTERING,PHYLOGENY,qiime2,2024.5,64.0,128.0,48.0,1.0,20000.0,류예지,,c6i.16xlarge,64,2.72,130.56,0.10416666666666667,130.66416666666666
200,Microbiome,16S metagenome,16S rRNA metagenome (PacBio),PacBio Revio,16S full-length (inhouse),1.0.0,ASV CLUSTERING,ASV CLUSTERING,qiime2,2024.5,64.0,60.0,50.0,1.0,10.0,류예지,,c6i.16xlarge,64,2.72,136.0,5.4253472222222226e-05,136.00005425347223
201,Microbiome,16S metagenome,16S rRNA metagenome (PacBio),PacBio Revio,16S full-length (inhouse),1.0.0,ASV CLUSTERING,TAXONOMY_PROFILE,qiime2,2024.5,64.0,4.0,1.0,1.0,20.0,류예지,,c6i.16xlarge,64,2.72,2.72,2.170138888888889e-06,2.7200021701388892
202,Microbiome,16S metagenome,16S rRNA metagenome (PacBio),PacBio Revio,16S full-length (inhouse),1.0.0,ASV CLUSTERING,PHYLOGENY,qiime2,2024.5,64.0,12.0,4.0,1.0,100.0,류예지,,c6i.16xlarge,64,2.72,10.88,4.340277777777778e-05,10.880043402777778
203,Microbiome,16S metagenome,16S rRNA metagenome (PacBio),PacBio Revio,16S full-length (inhouse),1.0.0,DIVERSITY,ACE DIVERSITY,qiime2,2024.5,64.0,1.0,0.1,1.0,100.0,류예지,,c6i.16xlarge,64,2.72,0.272,1.0850694444444444e-06,0.2720010850694445
204,Microbiome,16S metagenome,16S rRNA metagenome (PacBio),PacBio Revio,16S full-length (inhouse),1.0.0,DIVERSITY,ALPHA RAREFACTION,qiime2,2024.5,64.0,1.0,0.2,1.0,100.0,류예지,,c6i.16xlarge,64,2.72,0.544,2.170138888888889e-06,0.544002170138889
205,Microbiome,16S metagenome,16S rRNA metagenome (PacBio),PacBio Revio,16S full-length (inhouse),1.0.0,DIVERSITY,CHAO1 DIVERSITY,qiime2,2024.5,64.0,1.0,0.1,1.0,100.0,류예지,,c6i.16xlarge,64,2.72,0.272,1.0850694444444444e-06,0.2720010850694445
206,Microbiome,16S metagenome,16S rRNA metagenome (PacBio),PacBio Revio,16S full-length (inhouse),1.0.0,DIVERSITY,GOODS COVERAGE DIVERSITY,qiime2,2024.5,64.0,1.0,0.1,1.0,100.0,류예지,,c6i.16xlarge,64,2.72,0.272,1.0850694444444444e-06,0.2720010850694445
207,Microbiome,16S metagenome,16S rRNA metagenome (PacBio),PacBio Revio,16S full-length (inhouse),1.0.0,DIVERSITY,OBSERVED FEATURES DIVERSITY,qiime2,2024.5,64.0,1.0,0.1,1.0,100.0,류예지,,c6i.16xlarge,64,2.72,0.272,1.0850694444444444e-06,0.2720010850694445
208,Microbiome,16S metagenome,16S rRNA metagenome (PacBio),PacBio Revio,16S full-length (inhouse),1.0.0,DIVERSITY,SHANNON DIVERSITY,qiime2,2024.5,64.0,1.0,0.1,1.0,100.0,류예지,,c6i.16xlarge,64,2.72,0.272,1.0850694444444444e-06,0.2720010850694445
209,Microbiome,16S metagenome,16S rRNA metagenome (PacBio),PacBio Revio,16S full-length (inhouse),1.0.0,DIVERSITY,SIMPSON DIVERSITY,qiime2,2024.5,64.0,1.0,0.1,1.0,100.0,류예지,,c6i.16xlarge,64,2.72,0.272,1.0850694444444444e-06,0.2720010850694445
210,Microbiome,16S metagenome,16S rRNA metagenome (PacBio),PacBio Revio,16S full-length (inhouse),1.0.0,DIVERSITY,CORE DIVERSITY,qiime2,2024.5,64.0,1.0,0.4,1.0,1500.0,류예지,,c6i.16xlarge,64,2.72,1.088,6.510416666666667e-05,1.0880651041666667
211,Microbiome,16S metagenome,16S rRNA metagenome (PacBio),PacBio Revio,16S full-length (inhouse),1.0.0,REPORTING,MAKE_DATA,python,-,32.0,1.0,0.1,1.0,3000.0,류예지,,c6i.8xlarge,32,1.36,0.136,3.255208333333333e-05,0.13603255208333334
212,Microbiome,16S metagenome,16S rRNA metagenome (PacBio),PacBio Revio,16S full-length (inhouse),1.0.0,REPORTING,MAKE_REPORT,python,-,32.0,1.0,0.1,1.0,50.0,류예지,,c6i.8xlarge,32,1.36,0.136,5.425347222222222e-07,0.13600054253472224
213,Microbiome,16S metagenome,Microbiome Consortium,PacBio Revio,inhouse,1.0.0,MAKE_DATASET,MERGE_REVIO_XML,smrtlink dataset,0.15.0,1.0,1.0,0.1,1.0,1.0,백성용,샘플 100개 기준,c6i.large,2,0.085,0.0085,1.0850694444444445e-08,0.008500010850694444
214,Microbiome,16S metagenome,Microbiome Consortium,PacBio Revio,inhouse,1.0.0,DEMULTIPLEXING,DEMULTIPLEXING,lima,2.12.0,32.0,5.0,1.0,1.0,25000.0,백성용,,c6i.8xlarge,32,1.36,1.36,0.0027126736111111114,1.3627126736111113
215,Microbiome,16S metagenome,Microbiome Consortium,PacBio Revio,inhouse,1.0.0,TRIMMING,TRIMMING,cutadapt,4.6,1.0,1.0,0.1,1.0,25000.0,백성용,,c6i.large,2,0.085,0.0085,0.0002712673611111111,0.008771267361111112
216,Microbiome,16S metagenome,Microbiome Consortium,PacBio Revio,inhouse,1.0.0,QUALITY_CONTROL,QC_FILTERING,dada2,1.16,64.0,64.0,8.0,1.0,25000.0,백성용,,c6i.16xlarge,64,2.72,21.76,0.02170138888888889,21.78170138888889
217,Microbiome,shotgun metagenome,shotgun metagenome (PacBio),PacBio Revio,HiFi-MAG-Pipeline+inhouse,v3.3.2,FASTQ_QC,HOST_REMOVAL,minimap2,2.26,32.0,15.0,3.0,1.0,99000.0,류예지,최근 진행 샘플 기준 : 1샘플 생산량 86Gb,c6i.8xlarge,32,1.36,4.08,0.0322265625,4.1122265625
218,Microbiome,shotgun metagenome,shotgun metagenome (PacBio),PacBio Revio,HiFi-MAG-Pipeline+inhouse,v3.3.2,ASSEMBLY,ASSEMBLY,flye,2.9.5,64.0,160.0,240.0,1.0,22000.0,류예지,,c6i.24xlarge,96,4.08,979.2,0.5729166666666667,979.7729166666667
219,Microbiome,shotgun metagenome,shotgun metagenome (PacBio),PacBio Revio,HiFi-MAG-Pipeline+inhouse,v3.3.2,MAPPING,MINIMAP_TO_BAM,minimap2,2.26,36.0,35.0,1.0,1.0,20000.0,류예지,,c6i.12xlarge,48,2.04,2.04,0.002170138888888889,2.042170138888889
220,Microbiome,shotgun metagenome,shotgun metagenome (PacBio),PacBio Revio,HiFi-MAG-Pipeline+inhouse,v3.3.2,MAPPING,BAMDEPTH,minimap2,2.26,36.0,1.0,0.1,1.0,2000.0,류예지,,c6i.12xlarge,48,2.04,0.20400000000000001,2.170138888888889e-05,0.2040217013888889
221,Microbiome,shotgun metagenome,shotgun metagenome (PacBio),PacBio Revio,HiFi-MAG-Pipeline+inhouse,v3.3.2,MAPPING,,metabat,2.15,36.0,1.0,0.1,1.0,1.0,류예지,,c6i.12xlarge,48,2.04,0.20400000000000001,1.0850694444444445e-08,0.20400001085069447
222,Microbiome,shotgun metagenome,shotgun metagenome (PacBio),PacBio Revio,HiFi-MAG-Pipeline+inhouse,v3.3.2,MAPPING,CHECKM2_CONTIG_ANALYSIS,checkm2,1.0.2,36.0,18.0,0.2,1.0,1200.0,류예지,,c6i.12xlarge,48,2.04,0.40800000000000003,2.604166666666667e-05,0.4080260416666667
223,Microbiome,shotgun metagenome,shotgun metagenome (PacBio),PacBio Revio,HiFi-MAG-Pipeline+inhouse,v3.3.2,BINNING,METABAT2,metabat,2.15,16.0,2.0,0.2,1.0,1000.0,류예지,,c6i.4xlarge,16,0.68,0.136,2.170138888888889e-05,0.1360217013888889
224,Microbiome,shotgun metagenome,shotgun metagenome (PacBio),PacBio Revio,HiFi-MAG-Pipeline+inhouse,v3.3.2,BINNING,SEMIBIN2,semibin,2.2.0,64.0,4.0,0.6,1.0,1000.0,류예지,,c6i.16xlarge,64,2.72,1.6320000000000001,6.510416666666667e-05,1.6320651041666667
225,Microbiome,shotgun metagenome,shotgun metagenome (PacBio),PacBio Revio,HiFi-MAG-Pipeline+inhouse,v3.3.2,BINNING,DASTOOLS_ANALYSIS,dastool,1.1.7,36.0,3.0,0.4,1.0,1000.0,류예지,,c6i.12xlarge,48,2.04,0.8160000000000001,4.340277777777778e-05,0.8160434027777779
226,Microbiome,shotgun metagenome,shotgun metagenome (PacBio),PacBio Revio,HiFi-MAG-Pipeline+inhouse,v3.3.2,BINNING,CHECKM2_BIN_ANALYSIS,checkm2,1.0.2,36.0,20.0,0.4,1.0,1.0,류예지,,c6i.12xlarge,48,2.04,0.8160000000000001,4.340277777777778e-08,0.8160000434027779
227,Microbiome,shotgun metagenome,shotgun metagenome (PacBio),PacBio Revio,HiFi-MAG-Pipeline+inhouse,v3.3.2,TAXONOMY,GTDBTK_ANALYSIS,gtdbtk,2.4.0,64.0,12.0,1.0,1.0,1.0,류예지,,c6i.16xlarge,64,2.72,2.72,1.0850694444444445e-07,2.7200001085069445
228,Microbiome,shotgun metagenome,shotgun metagenome (PacBio),PacBio Revio,HiFi-MAG-Pipeline+inhouse,v3.3.2,ANNOTATION,PROKKA,prokka,1.14.6,32.0,1.0,3.0,1.0,4900.0,류예지,,c6i.8xlarge,32,1.36,4.08,0.0015950520833333333,4.081595052083333
229,Microbiome,shotgun metagenome,shotgun metagenome (PacBio),PacBio Revio,HiFi-MAG-Pipeline+inhouse,v3.3.2,REPORTING,MAKE_RESULT,python,-,32.0,1.0,0.4,1.0,60000.0,류예지,,c6i.8xlarge,32,1.36,0.544,0.002604166666666667,0.5466041666666667
230,Microbiome,shotgun metagenome,shotgun metagenome (PacBio),PacBio Revio,HiFi-MAG-Pipeline+inhouse,v3.3.2,REPORTING,MAKE_REPORT,quarto,1.8.26,8.0,1.0,0.1,1.0,60.0,류예지,,c6i.2xlarge,8,0.34,0.034,6.510416666666668e-07,0.03400065104166667
231,Microbiome,shotgun metagenome,shotgun metagenome (Illumina),Illumina Novaseq,inhouse,1.0.0,FASTQ_QC,RAWDATA_QC,fastq,0.23.4,16.0,1.0,0.1,1.0,20000.0,류예지,샘플 당 평균 10Gb,c6i.4xlarge,16,0.68,0.068,0.0002170138888888889,0.0682170138888889
232,Microbiome,shotgun metagenome,shotgun metagenome (Illumina),Illumina Novaseq,inhouse,1.0.0,FASTQ_QC,HOST_REMOVAL,bwa,0.7.19,16.0,12.0,1.0,1.0,10000.0,류예지,,c6i.4xlarge,16,0.68,0.68,0.0010850694444444445,0.6810850694444445
233,Microbiome,shotgun metagenome,shotgun metagenome (Illumina),Illumina Novaseq,inhouse,1.0.0,ASSEMBLY,ASSEMBLY,metawrap,1.3.2,64.0,60.0,5.0,1.0,11000.0,류예지,,c6i.16xlarge,64,2.72,13.600000000000001,0.005967881944444445,13.605967881944446
234,Microbiome,shotgun metagenome,shotgun metagenome (Illumina),Illumina Novaseq,inhouse,1.0.0,BINNING,METAWRAP,metawrap,1.3.2,64.0,12.0,0.3,1.0,12000.0,류예지,,c6i.16xlarge,64,2.72,0.8160000000000001,0.000390625,0.816390625
235,Microbiome,shotgun metagenome,shotgun metagenome (Illumina),Illumina Novaseq,inhouse,1.0.0,BINNING,DASTOOLS_INPUT_MAKING,dastools,1.1.7,1.0,1.0,0.1,1.0,0.3,류예지,,c6i.large,2,0.085,0.0085,3.2552083333333333e-09,0.008500003255208334
236,Microbiome,shotgun metagenome,shotgun metagenome (Illumina),Illumina Novaseq,inhouse,1.0.0,BINNING,DASTOOLS_ANALYSIS,dastools,1.1.7,36.0,1.0,0.1,1.0,50.0,류예지,,c6i.12xlarge,48,2.04,0.20400000000000001,5.425347222222222e-07,0.20400054253472225
237,Microbiome,shotgun metagenome,shotgun metagenome (Illumina),Illumina Novaseq,inhouse,1.0.0,BINNING,CHECKM2_BIN_ANALYSIS,checkm2,1.0.2,36.0,8.0,0.1,1.0,1.0,류예지,,c6i.12xlarge,48,2.04,0.20400000000000001,1.0850694444444445e-08,0.20400001085069447
238,Microbiome,shotgun metagenome,shotgun metagenome (Illumina),Illumina Novaseq,inhouse,1.0.0,TAXONOMY,GTDBTK_ANALYSIS,gtdbtk,2.4.0,64.0,8.0,0.2,1.0,200.0,류예지,,c6i.16xlarge,64,2.72,0.544,4.340277777777778e-06,0.5440043402777778
239,Microbiome,shotgun metagenome,shotgun metagenome (Illumina),Illumina Novaseq,inhouse,1.0.0,TAXONOMY,MAPPING_ANALYSIS,mOTUs,4.0.4,64.0,64.0,0.2,1.0,60.0,류예지,,c6i.16xlarge,64,2.72,0.544,1.3020833333333335e-06,0.5440013020833334
240,Microbiome,shotgun metagenome,shotgun metagenome (Illumina),Illumina Novaseq,inhouse,1.0.0,ANNOTATION,PROKKA,prokka,1.14.6,32.0,1.0,3.0,1.0,400.0,류예지,,c6i.8xlarge,32,1.36,4.08,0.00013020833333333333,4.080130208333333
241,Microbiome,shotgun metagenome,shotgun metagenome (Illumina),Illumina Novaseq,inhouse,1.0.0,REPORTING,MAKE_RESULT,python,-,32.0,1.0,0.4,1.0,40000.0,류예지,,c6i.8xlarge,32,1.36,0.544,0.0017361111111111112,0.5457361111111112
242,Microbiome,shotgun metagenome,shotgun metagenome (Illumina),Illumina Novaseq,inhouse,1.0.0,REPORTING,MAKE_REPORT,quarto,1.8.26,8.0,1.0,0.1,1.0,60.0,류예지,,c6i.2xlarge,8,0.34,0.034,6.510416666666668e-07,0.03400065104166667
